subNo,ageYrs,ageYrsRound,sex,grassSky_sum,upDown_sum,vocab_sum,divDes_a1_peWcontrol,divDes_b12_peWcontrol,divDes_c5_peWcontrol,divDes_a9_peWcontrol,divDes_c1_peWcontrol,divDes_b10_peWcontrol,divBel_a3_peWcontrol,divBel_b7_peWcontrol,divBel_a6_peWcontrol,divBel_c8_peWcontrol,trueBel_a7_peWcontrol,trueBel_b1_peWcontrol,trueBel_c12_peWcontrol,falseBelContents_a8_peWcontrol,falseBelContents_b3_peWcontrol,falseBelContents_c4_peWcontrol,falseBelLocation_a10_peWcontrol,falseBelLocation_b11_peWcontrol,falseBelLocation_c6_peWcontrol,falseSign_a5_peWcontrol,falseSign_a13_peWcontrol,falseSign_b4_peWcontrol,falseSign_b8_peWcontrol,falseSign_c2_peWcontrol,falseSign_c9_peWcontrol,vpt1_a11_peWcontrol,vpt1_a2_peWcontrol,vpt1_b2_peWcontrol,vpt1_b5_peWcontrol,vpt2_c7_peWcontrol,vpt2_c11_peWcontrol,knowAcc_a12_peWcontrol,knowAcc_b6_peWcontrol,knowAcc_c3_peWcontrol,knowExpert_a4_peWcontrol,knowExpert_b9_peWcontrol,knowExpert_c10_peWcontrol,divDesAvg,divBelAvg,knowAvg,vptAvg,falseBelAvg,falseSignAvg,divDes_a1_pWcontrol,divDes_b12_pWcontrol,divDes_c5_pWcontrol,divDes_a9_pWcontrol,divDes_c1_pWcontrol,divDes_b10_pWcontrol,divBel_a3_pWcontrol,divBel_b7_pWcontrol,divBel_a6_pWcontrol,divBel_c8_pWcontrol,trueBel_a7_pWcontrol,trueBel_b1_pWcontrol,trueBel_c12_pWcontrol,falseBelContents_a8_pWcontrol,falseBelContents_b3_pWcontrol,falseBelContents_c4_pWcontrol,falseBelLocation_a10_pWcontrol,falseBelLocation_b11_pWcontrol,falseBelLocation_c6_pWcontrol,falseSign_a5_pWcontrol,falseSign_a13_pWcontrol,falseSign_b4_pWcontrol,falseSign_b8_pWcontrol,falseSign_c2_pWcontrol,falseSign_c9_pWcontrol,vpt1_a11_pWcontrol,vpt1_a2_pWcontrol,vpt1_b2_pWcontrol,vpt1_b5_pWcontrol,vpt2_c7_pWcontrol,vpt2_c11_pWcontrol,knowAcc_a12_pWcontrol,knowAcc_b6_pWcontrol,knowAcc_c3_pWcontrol,knowExpert_a4_pWcontrol,knowExpert_b9_pWcontrol,knowExpert_c10_pWcontrol
1,5.983561644,5,F,NA,60,NA,NA,NA,NA,2,1,1,NA,NA,NA,1,2,1,1,2,2,2,1,1,2,2,2,2,1,2,2,1,1,NA,2,1,1,1,2,2,NA,2,2,1.333333333,1,1.8,1.2,1.666666667,1.833333333,NA,NA,NA,1,1,1,NA,NA,NA,1,1,0,0,1,1,1,1,0,1,1,1,1,1,1,1,1,1,NA,1,0,0,0,1,1,NA,1,1
2,4.01369863,4,F,NA,60,NA,NA,NA,NA,0,2,2,NA,NA,NA,1,0,0,1,1,1,2,1,2,2,0,1,2,1,0,1,0,1,0,1,1,0,1,2,2,NA,1,1,1.333333333,1,1.4,0.5,1.5,0.833333333,NA,NA,NA,0,1,1,NA,NA,NA,1,0,0,0,1,1,1,1,1,1,0,1,1,1,0,1,0,1,0,1,1,0,1,1,1,NA,1,1
3,4.084931507,4,F,NA,54,NA,NA,NA,NA,1,2,1,NA,NA,NA,1,0,0,0,1,1,2,2,2,1,1,0,2,1,1,0,1,2,0,1,0,0,2,2,2,NA,0,1,1.333333333,1,1.4,0.666666667,1.5,0.833333333,NA,NA,NA,0,1,1,NA,NA,NA,1,0,0,0,0,0,1,1,1,0,0,0,1,1,1,0,1,1,0,1,0,0,1,1,1,NA,0,1
4,4.02739726,4,F,NA,39,NA,NA,NA,NA,1,2,2,NA,NA,NA,0,0,1,2,1,1,1,0,1,1,1,1,1,1,1,1,1,1,0,0,1,0,2,1,2,NA,0,0,1.666666667,0,1,0.5,0.833333333,1,NA,NA,NA,1,1,1,NA,NA,NA,0,0,1,1,1,1,1,0,0,0,1,0,0,1,1,1,1,1,0,0,1,0,1,1,1,NA,0,0
5,8.224657534,8,M,NA,55,34,NA,NA,NA,2,2,2,NA,NA,NA,2,1,1,2,2,2,2,2,2,2,2,2,1,0,1,2,2,2,2,2,1,1,1,2,2,NA,2,1,2,2,1.6,1.666666667,2,1.333333333,NA,NA,NA,1,1,1,NA,NA,NA,1,1,1,1,1,1,1,1,1,1,1,1,1,0,1,1,1,1,1,1,0,0,1,1,1,NA,1,1
6,4.224657534,4,F,NA,NA,7,2,2,0,1,1,2,NA,0,2,2,0,0,1,2,2,2,2,1,1,2,2,1,NA,2,2,1,1,1,1,0,0,1,2,2,NA,1,1,1.333333333,1.333333333,1.4,0.666666667,1.666666667,1.8,1,1,0,1,1,1,NA,0,1,1,0,0,1,1,1,1,1,0,0,1,1,1,NA,1,1,1,0,0,1,0,0,1,1,1,NA,1,1
8,3.498630137,3,F,NA,31,11,NA,NA,NA,0,1,1,NA,NA,NA,1,1,1,1,0,1,0,0,0,0,0,1,0,1,1,0,0,1,1,0,0,0,1,1,1,NA,1,1,0.666666667,1,1,0.333333333,0.166666667,0.5,NA,NA,NA,0,1,1,NA,NA,NA,1,1,1,1,0,1,0,0,0,0,0,1,0,1,1,0,0,1,1,0,0,0,1,1,1,NA,1,1
10,3.57260274,3,F,NA,NA,7,NA,0,0,0,2,2,NA,0,0,0,0,0,0,1,2,0,2,0,1,1,0,2,1,1,0,0,1,1,1,0,1,0,2,0,NA,1,0,0.8,0,0.6,0.666666667,1,0.833333333,NA,0,0,0,1,1,NA,0,0,0,0,0,0,1,1,0,1,0,1,1,0,1,1,1,0,0,1,1,1,0,1,0,1,0,NA,1,0
11,3.649315068,3,M,NA,NA,NA,0,0,NA,NA,NA,1,NA,0,0,NA,1,0,NA,1,0,NA,0,0,NA,1,1,1,0,NA,NA,0,1,0,0,NA,NA,0,0,NA,NA,1,NA,0.333333333,0,0.333333333,0.25,0.25,0.75,0,0,NA,NA,NA,1,NA,0,0,NA,1,0,NA,1,0,NA,0,0,NA,1,1,1,0,NA,NA,0,1,0,0,NA,NA,0,0,NA,NA,1,NA
12,6.109589041,6,F,NA,60,23,2,2,2,2,2,2,NA,2,2,2,1,1,1,2,2,2,2,1,2,2,2,2,2,2,2,2,2,1,2,1,0,2,2,2,NA,2,1,2,2,1.8,1.333333333,1.833333333,2,1,1,1,1,1,1,NA,1,1,1,1,1,1,1,1,1,1,1,1,1,1,1,1,1,1,1,1,0,1,0,0,1,1,1,NA,1,1
13,6.506849315,6,M,NA,60,20,2,2,2,2,2,2,NA,1,1,1,1,1,1,2,2,2,1,2,2,1,2,1,1,2,2,2,2,2,2,2,1,2,2,2,NA,2,2,2,1,2,1.833333333,1.833333333,1.5,1,1,1,1,1,1,NA,1,1,1,1,0,0,1,1,1,0,1,1,0,1,0,1,1,1,1,1,1,1,1,0,1,1,1,NA,1,1
14,4.402739726,4,F,NA,54,14,2,2,2,2,2,1,NA,1,2,1,1,0,2,2,2,2,1,2,2,1,1,0,1,1,1,1,2,0,1,0,0,0,1,0,NA,1,1,1.833333333,1.333333333,0.6,0.666666667,1.833333333,0.833333333,1,1,1,1,1,1,NA,0,1,1,1,0,1,1,1,1,0,1,1,1,1,0,1,1,1,1,1,0,1,0,0,0,1,0,NA,1,1
15,6.717808219,6,F,NA,60,NA,2,2,0,2,2,2,NA,2,1,2,2,1,2,2,2,2,1,2,0,1,2,2,2,2,2,2,2,2,2,2,1,1,2,2,NA,2,2,1.666666667,1.666666667,1.8,1.833333333,1.5,1.833333333,1,1,0,1,1,1,NA,1,1,1,1,1,1,1,1,1,1,1,0,1,1,1,1,1,1,1,1,1,1,1,0,1,1,1,NA,1,1
16,4.290410959,4,F,NA,54,NA,2,2,2,1,2,1,NA,2,2,2,1,0,1,2,2,2,2,2,2,0,2,2,2,1,2,2,0,2,2,0,1,2,2,2,NA,1,1,1.666666667,2,1.6,1.166666667,2,1.5,1,1,1,1,1,1,NA,1,1,1,1,0,0,1,1,1,1,1,1,0,1,1,1,1,1,1,0,1,1,0,1,1,1,1,NA,1,1
17,7.717808219,7,F,NA,60,30,NA,2,2,NA,2,2,NA,2,NA,1,NA,1,2,NA,2,2,NA,2,2,NA,NA,2,2,1,2,NA,NA,1,1,1,0,NA,2,2,NA,2,1,2,1.5,1.75,0.75,2,1.75,NA,1,1,NA,1,1,NA,1,NA,1,NA,1,1,NA,1,1,NA,1,1,NA,NA,1,1,1,1,NA,NA,1,1,0,0,NA,1,1,NA,1,1
18,5.273972603,5,M (Gender: F),NA,60,20,2,2,2,2,2,2,NA,0,1,1,1,1,1,2,2,2,1,2,2,1,2,2,2,2,2,2,2,2,2,0,0,1,2,2,NA,1,1,2,0.666666667,1.4,1.333333333,1.833333333,1.833333333,1,1,1,1,1,1,NA,0,1,1,1,0,0,1,1,1,0,1,1,1,1,1,1,1,1,1,1,1,1,0,0,1,1,1,NA,1,1
19,7.715068493,7,F,NA,58,13,0,2,2,2,2,0,NA,2,2,2,1,1,1,1,2,2,2,2,2,1,1,2,1,1,2,1,1,2,1,1,0,1,2,2,NA,1,2,1.333333333,2,1.6,1,1.833333333,1.333333333,0,1,1,1,1,0,NA,1,1,1,1,0,0,1,1,1,1,1,1,1,1,1,1,1,1,1,1,1,1,1,0,1,1,1,NA,1,1
20,5.353424658,5,M,NA,47,21,2,2,2,2,2,2,NA,2,0,1,1,0,0,2,2,2,1,2,2,2,2,2,1,2,2,1,2,2,2,0,0,1,2,2,NA,2,2,2,1,1.8,1.166666667,1.833333333,1.833333333,1,1,1,1,1,1,NA,1,0,1,1,0,0,1,1,1,0,1,1,1,1,1,1,1,1,1,1,1,1,0,0,1,1,1,NA,1,1
21,6.712328767,6,M,NA,57,21,2,2,2,2,2,2,NA,2,2,2,1,1,2,2,2,2,2,2,2,2,2,2,1,2,2,2,2,2,1,1,0,2,2,2,NA,1,1,2,2,1.6,1.333333333,2,1.833333333,1,1,1,1,1,1,NA,1,1,1,1,0,1,1,1,1,1,1,1,1,1,1,0,1,1,1,1,1,1,0,0,1,1,1,NA,1,1
22,7.147945205,7,F,NA,58,28,2,2,2,2,2,2,NA,2,2,2,2,2,2,2,2,2,2,2,2,2,2,2,1,1,1,2,2,2,2,2,1,2,2,2,NA,1,2,2,2,1.8,1.833333333,2,1.5,1,1,1,1,1,1,NA,1,1,1,1,1,1,1,1,1,1,1,1,1,1,1,1,1,1,1,1,1,1,1,0,1,1,1,NA,1,1
23,7.476712329,7,F,NA,60,25,2,2,2,2,2,2,NA,1,1,2,1,1,1,2,2,2,2,1,2,2,2,2,1,2,2,2,1,1,2,2,1,1,2,2,NA,2,2,2,1.333333333,1.8,1.5,1.833333333,1.833333333,1,1,1,1,1,1,NA,1,1,1,1,1,0,1,1,1,1,1,1,1,1,1,1,1,1,1,0,0,1,1,1,1,1,1,NA,1,1
24,5.273972603,5,F,NA,6,20,2,2,2,2,2,2,NA,1,1,1,0,1,1,1,2,1,0,1,2,1,1,2,1,1,0,1,2,2,1,0,0,2,1,1,NA,1,0,2,1,1,1,1.166666667,1,1,1,1,1,1,1,NA,1,1,1,0,1,0,1,1,1,0,1,1,1,1,1,1,1,0,1,1,1,1,0,0,1,1,1,NA,1,0
25,5.416438356,5,M,NA,45,17,2,2,2,2,2,2,NA,2,0,1,0,1,1,2,2,2,1,2,2,1,2,2,0,2,2,2,2,0,1,0,0,2,2,2,NA,1,1,2,1,1.6,0.833333333,1.833333333,1.5,1,1,1,1,1,1,NA,1,0,1,0,1,1,1,1,1,1,1,1,1,1,1,0,1,1,1,1,0,1,0,0,1,1,1,NA,1,1
27,5.465753425,5,M,NA,57,22,2,2,2,2,2,2,NA,2,2,1,1,1,2,2,1,2,2,0,2,1,1,0,0,1,1,1,1,2,1,1,0,1,2,2,NA,1,1,2,1.666666667,1.4,1,1.5,0.666666667,1,1,1,1,1,1,NA,1,1,1,0,1,1,1,1,1,1,0,1,1,1,0,0,1,1,1,1,1,1,0,0,1,1,1,NA,1,1
28,5.320547945,5,F,NA,56,NA,1,2,0,1,0,2,NA,0,1,1,0,1,0,1,2,1,1,2,1,1,0,2,1,2,2,0,1,1,1,0,0,1,1,1,NA,1,1,1,0.666666667,1,0.5,1.333333333,1.333333333,1,1,0,1,0,1,NA,0,1,1,0,1,0,0,1,1,1,1,1,1,0,1,0,1,1,0,1,0,1,0,0,0,1,1,NA,1,1
30,3.6,3,F,NA,NA,13,0,0,0,0,1,NA,NA,0,0,1,1,0,0,0,0,0,0,1,0,0,1,NA,0,0,0,1,0,1,0,0,0,0,NA,NA,NA,1,0,0.2,0.333333333,0.333333333,0.333333333,0.166666667,0.2,0,0,0,0,0,NA,NA,0,0,1,1,0,0,0,0,0,0,1,0,0,1,NA,0,0,0,1,0,1,0,0,0,0,NA,NA,NA,1,0
31,8.657534247,8,F,NA,55,27,2,2,2,2,2,2,NA,2,2,2,1,1,1,2,2,2,2,2,2,2,2,2,0,2,2,2,2,2,0,1,1,2,2,2,NA,2,2,2,2,2,1.333333333,2,1.666666667,1,1,1,1,1,1,NA,1,1,1,1,1,0,1,1,1,1,1,1,1,1,1,0,1,1,1,1,1,0,0,0,1,1,1,NA,1,1
32,8.64109589,8,F,NA,60,25,2,2,2,2,2,2,NA,2,2,2,1,1,1,2,2,2,2,2,2,2,2,2,2,2,2,2,2,2,1,2,1,2,2,NA,NA,1,2,2,2,1.75,1.666666667,2,2,1,1,1,1,1,1,NA,1,1,1,1,0,0,1,1,1,1,1,1,1,1,1,1,1,1,1,1,1,1,1,0,1,1,NA,NA,1,1
33,8.635616438,8,M,NA,60,28,2,2,2,2,2,2,NA,1,1,1,1,1,1,2,2,2,2,2,2,2,2,2,0,1,1,0,2,1,1,0,0,2,2,2,NA,1,1,2,1,1.6,0.666666667,2,1.333333333,1,1,1,1,1,1,NA,1,1,1,1,1,1,1,1,1,1,1,1,1,1,1,0,1,1,0,1,1,1,0,0,1,1,1,NA,1,1
34,8.6,8,F,NA,60,29,2,2,2,2,2,2,NA,2,2,2,2,1,0,2,2,2,2,2,2,2,2,2,2,2,2,2,2,2,2,2,0,2,2,2,NA,2,2,2,2,2,1.666666667,2,2,1,1,1,1,1,1,NA,1,1,1,1,0,0,1,1,1,1,1,1,1,1,1,1,1,1,1,1,1,1,1,0,1,1,1,NA,1,1
35,4.161643836,4,F,NA,60,NA,2,0,2,2,2,0,NA,1,0,1,1,1,0,0,0,0,1,1,0,1,1,0,0,1,1,0,0,1,1,0,0,1,0,2,NA,1,1,1.333333333,0.666666667,1,0.333333333,0.333333333,0.666666667,1,0,1,1,1,0,NA,1,0,1,1,1,0,0,0,0,1,1,0,1,1,0,0,1,1,0,0,1,1,0,0,1,0,1,NA,1,1
36,5.361643836,5,M,NA,NA,19,2,NA,NA,2,2,2,NA,2,1,1,0,0,0,2,0,1,2,2,2,1,2,2,1,1,2,1,2,2,1,2,0,1,1,2,NA,1,1,2,1.333333333,1.2,1.333333333,1.5,1.5,1,NA,NA,1,1,1,NA,1,1,1,0,0,0,1,0,1,1,1,1,1,1,1,1,1,1,1,1,1,1,1,0,1,1,1,NA,1,1
37,8.531506849,8,M,NA,60,26,2,2,2,2,2,2,NA,2,2,2,2,2,2,2,2,1,2,2,1,2,2,2,2,2,2,2,1,2,2,2,0,2,2,2,NA,2,2,2,2,2,1.5,1.666666667,2,1,1,1,1,1,1,NA,1,1,1,1,1,1,1,1,1,1,1,0,1,1,1,1,1,1,1,0,1,1,1,0,1,1,1,NA,1,1
38,8.608219178,8,M,NA,54,23,2,2,2,2,2,1,NA,2,2,2,2,1,1,2,1,1,2,2,1,2,2,2,1,2,2,2,1,1,2,1,1,2,2,2,NA,1,0,1.833333333,2,1.4,1.333333333,1.5,1.833333333,1,1,1,1,1,1,NA,1,1,1,1,0,1,1,1,1,1,1,0,1,1,1,0,1,1,1,0,0,1,0,0,1,1,1,NA,1,0
39,8.610958904,8,F,15,59,24,2,2,2,2,2,2,NA,2,2,2,NA,NA,1,2,2,1,2,2,2,2,2,2,1,2,2,2,2,2,NA,0,1,2,2,2,2,2,1,2,2,1.833333333,1.4,1.833333333,1.833333333,1,1,1,1,1,1,NA,1,1,1,NA,NA,1,1,1,1,1,1,1,1,1,1,1,1,1,1,1,1,NA,0,1,1,1,1,1,1,1
40,7.391780822,7,F,NA,58,25,2,2,2,2,2,2,NA,1,2,2,1,0,1,2,2,1,2,1,2,2,2,2,2,1,2,2,2,2,2,1,0,2,2,2,NA,2,2,2,1.666666667,2,1.5,1.666666667,1.833333333,1,1,1,1,1,1,NA,1,1,1,1,0,0,1,1,1,1,1,1,1,1,1,1,1,1,1,1,1,1,0,0,1,1,1,NA,1,1
41,7.591780822,7,M,NA,58,23,0,2,2,2,2,2,NA,2,2,2,1,0,1,1,2,1,1,2,2,1,2,2,2,2,2,2,1,2,2,0,0,1,2,0,NA,1,2,1.666666667,2,1.2,1.166666667,1.5,1.833333333,0,1,1,1,1,1,NA,1,1,1,1,0,0,0,1,1,0,1,1,1,1,1,1,1,1,1,1,1,1,0,0,1,1,0,NA,1,1
42,7.668493151,7,F,NA,60,22,2,2,2,1,2,2,NA,2,2,2,1,0,2,2,2,1,2,2,2,1,2,0,2,2,2,2,2,2,2,0,1,1,2,2,NA,1,2,1.833333333,2,1.6,1.5,1.833333333,1.5,1,1,1,1,1,1,NA,1,1,1,1,0,1,1,1,1,1,1,1,1,1,0,1,1,1,1,1,1,1,0,0,1,1,1,NA,1,1
44,7.580821918,7,F,NA,60,30,2,2,2,1,2,2,NA,2,2,2,1,1,1,2,2,2,1,2,2,2,2,2,1,2,2,2,2,2,2,2,1,1,2,2,NA,0,1,1.833333333,2,1.2,1.833333333,1.833333333,1.833333333,1,1,1,1,1,1,NA,1,1,1,1,1,1,1,1,1,0,1,1,1,1,1,1,1,1,1,1,1,1,1,0,1,1,1,NA,0,1
45,7.57260274,7,F,NA,60,18,2,2,2,2,2,2,NA,2,2,1,1,1,1,2,2,2,2,2,2,2,2,2,2,1,2,1,2,2,1,1,0,1,2,2,NA,1,1,2,1.666666667,1.4,1.166666667,2,1.833333333,1,1,1,1,1,1,NA,1,1,1,1,1,1,1,1,1,1,1,1,1,1,1,1,1,1,1,1,1,1,0,0,1,1,1,NA,1,1
46,5.991780822,5,F,NA,59,19,2,2,1,2,2,2,NA,2,2,1,1,0,1,2,2,1,1,1,2,2,1,2,1,1,1,1,2,1,1,1,1,1,2,2,NA,1,1,1.833333333,1.666666667,1.4,1.166666667,1.5,1.333333333,1,1,0,1,1,1,NA,1,1,1,1,0,0,1,1,1,0,1,1,1,1,1,1,1,1,1,1,1,1,1,0,1,1,1,NA,1,1
47,6.684931507,6,F,NA,58,24,2,0,2,2,2,2,NA,2,2,1,1,1,2,2,2,2,2,2,2,2,0,2,2,2,2,2,2,2,1,2,0,1,2,2,NA,2,2,1.666666667,1.666666667,1.8,1.5,2,1.666666667,1,0,1,1,1,1,NA,1,1,1,0,1,1,1,1,1,1,1,1,1,0,1,1,1,1,1,1,1,1,1,0,1,1,1,NA,1,1
48,6.616438356,6,F,NA,60,19,2,2,2,2,2,2,NA,2,2,1,1,2,1,1,1,2,2,1,2,2,2,2,0,2,2,2,2,2,2,2,0,1,2,2,NA,2,2,2,1.666666667,1.8,1.666666667,1.5,1.666666667,1,1,1,1,1,1,NA,1,1,1,0,1,1,1,1,1,1,1,1,1,1,1,0,1,1,1,1,1,1,1,0,1,1,1,NA,1,1
49,6.649315068,6,F,NA,57,28,2,2,2,2,2,2,NA,2,1,2,2,1,1,2,2,2,2,2,2,2,1,2,1,1,2,2,2,2,1,2,1,2,2,1,NA,2,2,2,1.666666667,1.8,1.666666667,2,1.5,1,1,1,1,1,1,NA,1,1,1,1,0,0,1,1,1,1,1,1,1,1,1,1,1,1,1,1,1,1,1,0,1,1,1,NA,1,1
50,6.709589041,6,M,NA,53,NA,2,2,2,2,2,0,2,1,2,2,2,1,2,2,2,1,2,2,0,2,2,2,2,2,2,2,2,2,2,1,0,2,2,2,2,2,2,1.666666667,1.75,2,1.5,1.5,2,1,1,1,1,1,0,1,1,1,1,1,1,1,1,1,1,1,1,0,1,1,1,1,1,1,1,1,1,1,1,0,1,1,1,1,1,1
51,7.583561644,7,F,NA,52,21,2,2,2,1,2,2,NA,2,2,2,1,2,2,2,2,2,NA,2,2,2,2,2,2,NA,2,2,2,2,2,0,0,1,2,2,NA,1,1,1.833333333,2,1.4,1.333333333,2,2,1,1,1,1,1,1,NA,1,1,1,1,1,1,1,1,1,NA,1,1,1,1,1,1,1,1,1,1,1,1,0,0,1,1,1,NA,1,1
52,5.402739726,5,M,NA,60,10,2,2,2,2,2,2,NA,2,2,2,0,0,0,2,2,2,1,2,2,1,2,2,0,1,1,2,0,0,0,0,0,1,0,2,NA,1,1,2,2,1,0.333333333,1.833333333,1.166666667,1,1,1,1,1,1,NA,1,1,1,0,0,0,1,1,1,0,1,1,1,1,1,0,1,1,1,0,0,0,0,0,1,0,1,NA,1,1
53,5.331506849,5,F,NA,55,16,2,2,2,1,2,1,NA,2,1,1,1,1,1,1,2,1,1,0,1,0,2,2,1,1,1,2,1,2,1,2,0,1,2,2,NA,1,1,1.666666667,1.333333333,1.4,1.333333333,1,1.166666667,1,1,1,1,1,1,NA,1,1,1,1,1,0,1,1,1,0,0,1,0,1,1,1,1,0,1,0,1,1,1,0,1,1,1,NA,1,1
54,6.643835616,6,F,NA,60,21,2,2,2,2,2,2,NA,1,2,2,2,1,0,2,2,1,2,2,2,2,2,1,2,1,2,2,2,2,2,2,1,1,2,2,NA,2,1,2,1.666666667,1.6,1.833333333,1.833333333,1.666666667,1,1,1,1,1,1,NA,0,1,1,1,1,0,1,1,1,1,1,1,1,1,1,1,1,1,1,1,1,1,1,0,1,1,1,NA,1,1
55,6.679452055,6,M,NA,59,26,1,2,2,2,1,1,NA,1,1,1,1,0,1,2,2,2,1,1,2,0,1,1,1,1,0,2,0,2,2,0,0,1,1,2,NA,1,1,1.5,1,1.2,1,1.666666667,0.666666667,1,1,1,1,1,0,NA,1,1,1,1,0,1,1,1,1,0,1,1,0,1,0,1,1,0,1,0,1,1,0,0,1,1,1,NA,1,1
56,8.6,8,M,NA,60,22,2,2,2,2,2,2,NA,1,2,2,2,1,2,2,1,1,2,1,2,2,2,2,1,2,2,2,2,2,2,1,0,2,2,2,NA,2,1,2,1.666666667,1.8,1.5,1.5,1.833333333,1,1,1,1,1,1,NA,1,1,1,1,1,1,1,1,1,1,1,1,1,1,1,0,1,1,1,1,1,1,0,0,1,1,1,NA,1,1
57,7.589041096,7,M,13,48,34,1,2,2,2,2,2,NA,2,2,2,2,2,2,2,2,1,2,2,2,2,2,2,1,2,2,2,2,1,1,1,0,2,2,2,NA,2,1,1.833333333,2,1.8,1.166666667,1.833333333,1.833333333,1,1,1,1,1,1,NA,1,1,1,1,1,1,1,1,1,1,1,1,1,1,1,0,1,1,1,1,0,1,0,0,1,1,1,NA,1,1
58,7.583561644,7,M,NA,60,27,2,2,2,2,2,2,NA,2,1,2,2,2,0,2,2,2,2,2,2,2,2,2,1,1,2,2,2,2,2,2,1,2,2,2,NA,2,2,2,1.666666667,2,1.833333333,2,1.666666667,1,1,1,1,1,1,NA,1,1,1,1,1,0,1,1,1,1,1,1,1,1,1,1,0,1,1,1,1,1,1,0,1,1,1,NA,1,1
59,7.709589041,7,F,NA,56,NA,2,2,NA,2,2,1,NA,2,2,2,2,0,2,2,1,1,1,2,2,2,0,2,0,1,2,2,1,0,2,0,1,1,2,2,NA,2,1,1.8,2,1.6,1,1.5,1.166666667,1,1,NA,1,1,0,NA,1,1,1,1,0,1,1,0,0,0,1,1,1,0,1,0,1,1,1,0,0,1,0,0,1,1,1,NA,1,1
60,6.687671233,6,F,NA,60,19,1,2,2,2,2,2,NA,2,2,1,1,1,1,2,2,2,2,2,2,1,2,2,2,1,2,2,2,2,0,1,0,2,2,1,NA,1,1,1.833333333,1.666666667,1.4,1.166666667,2,1.666666667,1,1,1,1,1,1,NA,1,1,0,0,1,0,1,1,1,1,1,1,1,1,1,1,1,1,1,1,1,0,0,0,1,1,1,NA,1,1
61,6.704109589,6,M,16,60,24,2,2,2,2,1,2,NA,1,2,2,1,0,2,1,2,1,1,2,2,2,2,1,1,2,2,2,1,2,1,1,0,2,2,2,0,1,1,1.833333333,1.666666667,1.333333333,1.166666667,1.5,1.666666667,1,1,1,1,0,1,NA,1,1,1,1,0,1,1,1,1,0,1,1,1,1,0,0,1,1,1,1,1,1,0,0,1,1,1,0,1,1
62,5.484931507,5,M,2,60,19,2,2,2,2,2,2,NA,2,0,1,1,0,2,2,2,1,0,2,0,2,2,1,2,2,0,2,0,2,2,1,0,0,2,1,NA,NA,2,2,1,1.25,1.166666667,1.166666667,1.5,1,1,1,1,1,1,NA,1,0,1,1,0,1,1,1,1,0,1,0,1,1,0,1,1,0,1,0,1,1,0,0,0,1,1,NA,NA,1
63,6.654794521,6,F,NA,56,18,2,2,2,2,2,2,2,2,1,1,0,1,1,2,2,2,1,2,1,2,2,0,2,2,2,2,2,2,1,1,0,1,2,2,1,1,1,2,1.5,1.333333333,1.333333333,1.666666667,1.666666667,1,1,1,1,1,1,1,1,1,1,0,1,1,1,1,1,1,1,0,1,1,0,1,1,1,1,1,1,1,0,0,1,1,1,1,1,1
65,6.654794521,6,F,15,60,28,2,2,2,2,2,2,2,0,2,2,2,0,2,2,2,2,1,1,2,1,2,2,1,2,2,2,2,1,1,0,0,2,1,2,1,2,2,2,1.5,1.666666667,1,1.666666667,1.666666667,1,1,1,1,1,1,1,0,1,1,1,0,1,1,1,1,0,0,1,1,1,1,0,1,1,1,1,1,1,0,0,1,0,1,1,1,1
66,5.517808219,5,M,NA,60,NA,2,2,2,2,2,2,NA,2,2,2,2,2,1,2,2,2,2,2,2,2,2,2,2,2,2,2,2,2,0,2,0,1,2,2,NA,2,1,2,2,1.6,1.333333333,2,2,1,1,1,1,1,1,NA,1,1,1,1,1,0,1,1,1,1,1,1,1,1,1,1,1,1,1,1,1,0,1,0,1,1,1,NA,1,1
67,4.676712329,4,M,NA,NA,9,0,1,1,0,0,0,NA,0,0,0,0,0,0,0,0,0,0,0,0,0,0,0,0,1,0,1,0,0,1,0,0,0,0,0,NA,1,1,0.333333333,0,0.4,0.333333333,0,0.166666667,0,0,0,0,0,0,NA,0,0,0,0,0,0,0,0,0,0,0,0,0,0,0,0,1,0,1,0,0,1,0,0,0,0,0,NA,1,1
68,7.61369863,7,M,15,56,24,2,2,2,1,2,2,NA,2,2,2,2,1,1,2,2,1,2,2,2,1,2,1,1,2,1,2,2,2,2,2,1,2,1,2,2,2,2,1.833333333,2,1.833333333,1.833333333,1.833333333,1.333333333,1,1,1,1,1,1,NA,1,1,1,1,1,0,1,1,1,1,1,1,1,1,1,1,1,1,1,1,1,1,1,0,1,1,1,1,1,1
69,6.684931507,6,M,NA,59,23,2,0,2,2,0,2,NA,1,2,1,0,1,2,2,2,2,1,2,1,1,2,2,0,2,1,1,1,1,2,0,0,1,2,2,NA,1,1,1.333333333,1.333333333,1.4,0.833333333,1.666666667,1.333333333,1,0,1,1,0,1,NA,1,1,1,0,1,1,1,1,1,1,1,1,1,1,1,0,1,1,1,1,1,1,0,0,1,1,1,NA,1,1
70,6.671232877,6,M,12,56,20,0,0,2,2,2,2,2,2,0,1,2,0,0,2,1,1,0,1,2,1,1,2,0,0,1,2,2,1,NA,0,0,1,0,2,1,1,1,1.333333333,1.25,1,1,1.166666667,0.833333333,0,0,1,1,1,1,1,1,0,1,1,0,0,1,1,1,0,0,1,1,1,1,0,0,1,1,1,0,NA,0,0,1,0,1,1,1,1
72,4.726027397,4,F,16,45,18,2,2,2,2,1,2,NA,2,2,1,2,1,0,2,2,1,2,2,2,1,2,2,0,1,2,1,1,0,1,1,0,1,2,1,1,1,1,1.833333333,1.666666667,1.166666667,0.666666667,1.833333333,1.333333333,1,1,1,1,1,1,NA,1,1,1,1,1,0,1,1,1,1,1,1,1,1,1,0,1,1,1,1,0,1,1,0,1,1,1,1,1,1
73,5.693150685,5,F,12,58,14,1,2,0,1,1,0,NA,0,1,1,0,1,2,0,1,0,0,1,0,2,0,1,0,0,0,0,0,1,1,0,0,1,1,0,NA,1,0,0.833333333,0.666666667,0.6,0.333333333,0.333333333,0.5,1,1,0,1,1,0,NA,0,1,1,0,0,1,0,1,0,0,1,0,1,0,1,0,0,0,0,0,1,1,0,0,1,1,0,NA,1,0
75,5.723287671,5,F,16,NA,16,2,0,2,2,1,2,NA,1,2,2,2,1,1,1,2,1,1,2,2,2,2,2,1,1,2,2,2,1,2,1,1,2,2,2,NA,2,2,1.5,1.666666667,2,1.5,1.5,1.666666667,1,0,1,1,1,1,NA,1,1,1,1,1,0,1,1,1,0,1,1,1,1,1,1,1,1,1,1,1,1,0,1,1,1,1,NA,1,1
76,5.794520548,5,F,14,60,23,2,2,2,2,1,2,2,1,2,2,1,0,0,2,2,2,2,2,1,2,2,2,2,2,2,2,2,2,2,1,1,2,2,2,2,2,2,1.833333333,1.75,2,1.666666667,1.833333333,2,1,1,1,1,1,1,1,1,1,1,1,0,0,1,1,1,1,1,1,1,1,1,1,1,1,1,1,1,1,0,0,1,1,1,1,1,1
77,4.605479452,4,F,16,58,16,1,2,1,0,0,1,1,1,1,0,1,0,1,0,1,0,1,1,0,1,2,1,0,1,1,2,0,2,2,0,0,1,1,2,1,1,1,0.833333333,0.75,1.166666667,1,0.5,1,1,1,1,0,0,1,1,0,1,0,1,0,1,0,1,0,0,0,0,0,1,0,0,1,1,1,0,1,1,0,0,1,1,1,1,1,1
78,5.701369863,5,F,NA,60,NA,2,2,2,2,2,2,NA,2,2,2,0,0,0,2,2,2,0,2,2,2,2,2,2,2,2,2,2,2,2,0,0,1,2,2,1,1,1,2,2,1.333333333,1.333333333,1.666666667,2,1,1,1,1,1,1,NA,1,1,1,0,0,0,1,1,1,0,1,1,1,1,1,1,1,1,1,1,1,1,0,0,1,1,1,1,1,1
79,4.660273973,4,F,7,56,7,1,2,2,2,2,2,0,0,1,2,1,1,0,0,2,2,0,1,NA,1,0,0,1,1,0,0,0,1,1,0,2,0,0,1,0,0,0,1.833333333,0.75,0.166666667,0.666666667,1,0.5,0,1,1,1,1,1,0,0,1,1,1,1,0,0,1,1,0,1,NA,0,0,0,1,1,0,0,0,1,1,0,1,0,0,0,0,0,0
80,5.646575342,5,F,16,57,21,2,2,2,1,2,2,2,2,0,2,1,1,1,2,2,1,2,1,1,1,2,2,2,2,2,2,2,2,2,0,0,2,2,2,1,2,2,1.833333333,1.5,1.833333333,1.333333333,1.5,1.833333333,1,1,1,1,1,1,1,1,0,1,1,0,1,1,1,1,1,0,1,1,1,1,1,1,1,1,1,1,1,0,0,1,1,1,1,1,1
81,4.610958904,4,F,14,52,13,1,2,1,2,2,1,NA,1,0,1,0,0,0,0,1,1,0,2,0,0,0,2,1,1,1,1,1,1,1,1,0,1,2,2,0,1,1,1.5,0.666666667,1.166666667,0.833333333,0.666666667,0.833333333,1,1,1,1,1,1,NA,0,0,1,0,0,0,0,1,1,0,1,0,0,0,1,1,0,1,1,1,1,1,1,0,1,1,1,0,1,1
82,4.578082192,4,F,16,51,13,1,1,1,0,1,1,1,0,1,0,0,1,0,1,0,1,0,0,0,0,1,1,1,1,1,2,1,0,1,0,0,0,1,0,0,1,1,0.833333333,0.5,0.5,0.666666667,0.333333333,0.833333333,1,1,1,0,1,1,1,0,1,0,0,1,0,0,0,1,0,0,0,0,0,1,1,1,1,1,1,0,1,0,0,0,1,0,0,1,1
83,4.57260274,4,M,13,NA,17,2,2,2,1,1,2,2,1,0,0,2,1,0,1,0,2,0,2,2,0,1,0,0,0,1,0,0,1,1,0,0,NA,1,2,1,1,1,1.666666667,0.75,1.2,0.333333333,1.166666667,0.333333333,1,1,1,0,0,1,1,0,0,0,1,1,0,0,0,1,0,1,1,0,1,0,0,0,1,0,0,1,1,0,0,NA,1,1,1,1,1
84,5.701369863,5,M,14,59,24,2,2,2,2,2,2,NA,2,1,1,1,1,2,2,1,2,2,1,2,2,2,0,1,1,1,1,2,2,0,1,0,1,2,2,1,1,1,2,1.333333333,1.333333333,1,1.666666667,1.166666667,1,1,1,1,1,1,NA,1,1,1,1,1,1,1,0,1,1,0,1,1,1,0,1,1,1,1,1,1,0,0,0,1,1,1,1,1,1
85,5.394520548,5,F,14,60,10,2,2,2,1,2,1,NA,2,2,2,0,1,1,2,2,1,2,2,2,0,1,2,1,1,1,2,2,1,1,0,0,1,2,2,1,1,2,1.666666667,2,1.5,1,1.833333333,1,1,1,1,0,1,1,NA,1,1,1,0,1,0,1,1,1,1,1,1,0,1,1,1,1,1,1,1,1,1,0,0,1,1,1,1,1,1
87,5.745205479,5,M,16,58,22,2,2,2,2,2,2,2,0,2,2,2,1,2,1,1,2,1,1,1,1,2,1,0,1,2,1,2,2,2,0,0,1,0,2,2,2,1,2,1.5,1.333333333,1.166666667,1.166666667,1.166666667,1,1,1,1,1,1,1,0,1,1,1,1,1,0,0,1,0,0,0,1,1,0,0,1,1,1,1,1,1,0,0,1,0,1,1,1,1
88,5.632876712,5,M,NA,59,21,2,2,2,2,2,2,2,1,1,1,2,0,0,2,1,2,2,1,2,0,1,2,0,2,1,1,2,0,1,1,0,1,1,2,1,1,1,2,1.25,1.166666667,0.833333333,1.666666667,1,1,1,1,1,1,1,1,1,1,1,1,0,0,1,1,1,1,1,1,0,1,1,0,1,1,1,1,0,1,1,0,1,1,1,1,1,1
89,4.660273973,4,M,13,47,15,2,2,2,2,2,2,2,2,0,2,1,1,1,2,2,1,2,2,0,1,2,2,1,1,1,2,1,2,2,1,1,0,0,2,1,1,1,2,1.5,0.833333333,1.5,1.5,1.333333333,1,1,1,1,1,1,1,1,0,1,1,0,1,1,1,1,1,1,0,1,1,1,1,1,0,1,1,1,1,0,1,0,0,1,1,1,1
90,7.747945205,7,M,16,54,34,2,2,2,2,2,1,2,2,1,1,1,1,1,1,2,1,2,2,2,1,2,2,2,2,2,2,2,2,2,2,0,1,2,2,NA,2,1,1.833333333,1.5,1.6,1.666666667,1.666666667,1.833333333,1,1,1,1,1,1,1,1,1,1,1,1,0,1,1,1,1,1,1,1,1,1,1,1,1,1,1,1,1,1,0,1,1,1,NA,1,1
91,4.860273973,4,F,15,25,18,2,2,2,2,1,2,1,1,2,1,0,1,0,1,2,1,2,2,2,1,2,2,0,1,2,2,2,0,1,0,0,2,2,0,1,1,1,1.833333333,1.25,1.166666667,0.833333333,1.666666667,1.333333333,1,1,1,1,1,1,1,1,1,1,0,1,0,1,1,1,1,1,1,1,1,1,0,1,1,1,1,0,1,0,0,1,1,0,1,1,1
93,4.482191781,4,F,15,55,13,1,1,2,0,0,2,1,1,1,1,0,0,0,1,0,0,1,2,2,1,1,0,1,1,2,1,1,1,1,0,0,1,1,1,1,1,1,1,1,1,0.666666667,1,1,0,0,1,0,0,1,1,1,1,1,0,0,0,1,0,0,1,1,1,1,1,0,1,1,1,1,1,0,1,0,0,0,0,0,1,1,1
94,7.421917808,7,F,16,47,23,2,2,1,2,2,2,2,2,1,2,2,1,1,1,2,1,0,2,2,2,1,2,2,1,2,NA,1,2,1,0,0,0,2,2,1,1,1,1.833333333,1.75,1.166666667,0.8,1.333333333,1.666666667,1,1,0,1,1,1,1,1,1,1,1,1,0,1,1,1,0,1,1,1,1,1,1,1,1,NA,0,1,1,0,0,0,1,1,1,1,1
96,7.542465753,7,F,16,60,29,2,2,2,2,2,2,1,2,2,2,1,0,1,1,2,2,2,2,2,2,2,2,2,1,2,1,2,2,2,2,0,2,2,2,2,2,2,2,1.75,2,1.5,1.833333333,1.833333333,1,1,1,1,1,1,1,1,1,1,1,0,0,1,1,1,1,1,1,1,1,1,1,1,1,1,1,1,1,1,0,1,1,1,1,1,1
97,5.394520548,5,M,4,58,17,0,0,2,2,2,2,0,0,2,0,1,0,1,1,1,2,1,0,1,2,2,2,2,2,2,2,2,2,1,0,0,2,2,2,2,2,2,1.333333333,0.5,2,1.166666667,1,2,0,0,1,1,1,1,0,0,1,0,1,0,1,0,1,1,0,0,1,1,1,1,1,1,1,1,1,1,1,0,0,1,1,1,1,1,1
98,5.446575342,5,M,8,43,11,2,2,2,1,2,2,2,1,0,0,0,0,2,2,2,2,1,2,1,0,0,2,1,1,1,1,1,0,1,0,0,1,2,1,1,1,1,1.833333333,0.75,1.166666667,0.5,1.666666667,0.833333333,1,1,1,1,1,1,1,0,0,0,0,0,1,1,1,1,0,1,0,0,0,1,1,1,1,1,1,0,1,0,0,1,1,1,1,1,1
99,3.402739726,3,M,NA,58,12,2,1,2,2,0,1,NA,0,0,1,1,1,0,0,1,0,1,0,1,1,0,1,0,1,1,1,NA,1,1,0,1,0,1,1,0,1,1,1.333333333,0.333333333,0.666666667,0.8,0.5,0.666666667,1,0,1,1,0,1,NA,0,0,1,1,1,0,0,0,0,0,0,0,0,0,1,0,1,1,1,NA,1,1,0,0,0,1,1,0,1,1
100,4.37260274,4,M,2,NA,8,1,1,0,0,0,0,0,1,2,1,0,1,0,0,0,0,1,0,1,0,0,1,0,0,0,NA,0,0,1,0,0,0,0,0,0,1,0,0.333333333,1,0.166666667,0.2,0.333333333,0.166666667,1,0,0,0,0,0,0,1,1,1,0,1,0,0,0,0,1,0,1,0,0,1,0,0,0,NA,0,0,1,0,0,0,0,0,0,1,0
101,8.452054795,8,M,15,57,26,2,2,2,2,2,2,1,2,1,2,2,1,2,2,2,2,2,1,2,1,2,NA,2,1,2,2,2,1,2,1,1,2,2,2,0,2,1,2,1.5,1.5,1.5,1.833333333,1.6,1,1,1,1,1,1,1,1,1,1,1,1,1,1,1,1,1,0,1,1,1,NA,1,1,1,1,1,0,1,1,0,1,1,1,0,1,1
102,7.438356164,7,F,16,58,21,2,2,2,2,0,2,1,1,2,0,1,1,1,2,1,1,2,2,2,2,2,2,0,2,2,2,2,0,1,2,1,1,2,2,2,2,2,1.666666667,1,1.833333333,1.333333333,1.666666667,1.666666667,1,1,1,1,0,1,1,1,1,0,0,1,0,1,1,1,1,1,1,1,1,1,0,1,1,1,1,0,1,1,0,1,1,1,1,1,1
104,4.35890411,4,M,4,54,14,0,2,1,0,1,2,1,0,0,0,1,1,0,0,0,0,1,0,0,1,1,NA,0,0,1,2,NA,0,1,NA,0,1,1,0,1,0,0,1,0.25,0.5,0.75,0.166666667,0.6,0,1,1,0,1,1,1,0,0,0,1,1,0,0,0,0,1,0,0,1,1,NA,0,0,1,1,NA,0,1,NA,0,1,1,0,1,0,0
105,7.495890411,7,M (Sometimes identifies as F),1,47,22,2,2,2,2,2,2,2,2,2,1,2,0,1,2,2,2,2,2,2,1,2,2,1,2,2,2,1,2,1,2,1,1,2,2,1,2,2,2,1.75,1.666666667,1.5,2,1.666666667,1,1,1,1,1,1,1,1,1,1,1,0,0,1,1,1,1,1,1,1,1,1,0,1,1,1,0,1,1,1,0,1,1,1,0,1,1
106,4.509589041,4,M,NA,NA,19,2,2,2,1,1,2,0,0,0,1,0,0,0,2,0,2,1,1,2,1,2,1,1,2,2,1,1,1,0,0,0,1,1,2,1,1,0,1.666666667,0.25,1,0.5,1.333333333,1.5,1,1,1,1,1,1,0,0,0,1,0,0,0,1,0,1,1,1,1,1,1,0,1,1,1,1,1,1,0,0,0,1,1,1,1,1,0
108,5.391780822,5,M,NA,60,NA,2,2,2,1,2,1,1,2,1,1,1,0,1,2,2,2,2,2,2,2,2,2,1,1,2,1,1,1,2,0,1,1,2,2,1,2,1,1.666666667,1.25,1.5,1,2,1.666666667,1,1,1,0,1,1,0,1,1,1,1,0,0,1,1,1,1,1,1,1,1,1,1,1,1,1,0,1,1,0,1,1,1,1,1,1,1
109,4.893150685,4,M,NA,NA,19,2,2,2,2,2,2,1,2,1,2,1,0,1,2,2,1,1,2,1,1,0,2,1,1,2,2,2,2,2,0,1,2,2,2,1,2,1,2,1.5,1.666666667,1.5,1.5,1.166666667,1,1,1,1,1,1,1,1,1,1,1,0,1,1,1,1,0,1,0,1,0,1,1,1,1,1,1,1,1,0,1,1,1,1,1,1,1
110,8.501369863,8,M,16,60,34,2,2,2,2,2,2,2,2,2,2,1,1,2,2,2,1,2,2,2,2,2,2,2,2,2,2,2,2,2,0,0,2,2,2,2,2,2,2,2,2,1.333333333,1.833333333,2,1,1,1,1,1,1,1,1,1,1,1,1,1,1,1,1,1,1,1,1,1,1,1,1,1,1,1,1,1,0,0,1,1,1,1,1,1
111,5.410958904,5,M,2,60,18,NA,2,2,2,2,2,0,0,1,1,1,1,0,1,0,0,1,1,0,2,2,1,0,0,0,NA,0,2,1,0,0,2,2,NA,2,1,1,2,0.5,1.6,0.6,0.5,0.833333333,NA,1,1,1,1,1,0,0,1,1,1,1,0,0,0,0,0,0,0,1,1,1,0,0,0,NA,0,1,1,0,0,1,1,NA,1,1,1
112,7.416438356,7,F,0,60,26,2,2,2,2,2,2,1,1,2,2,2,1,2,2,2,1,2,2,2,2,2,2,2,2,2,2,2,0,1,2,0,2,2,2,2,1,2,2,1.5,1.833333333,1.166666667,1.833333333,2,1,1,1,1,1,1,1,1,1,1,1,0,1,1,1,1,1,1,1,1,1,1,1,1,1,1,1,0,1,1,0,1,1,1,1,1,1
115,7.41369863,7,F,16,60,30,1,2,0,2,2,0,1,2,2,1,2,2,1,2,2,1,2,2,2,2,2,2,2,2,2,2,2,2,2,2,1,1,2,2,2,2,2,1.166666667,1.5,1.833333333,1.833333333,1.833333333,2,1,1,0,1,1,0,1,1,1,0,1,1,0,1,1,1,1,1,1,1,1,1,1,1,1,1,1,1,1,1,0,1,1,1,1,1,1
116,8.42739726,8,M,15,60,25,2,2,2,2,2,2,1,1,2,2,2,1,1,2,1,1,1,2,2,2,2,2,2,2,2,2,1,2,2,1,1,2,2,2,2,2,2,2,1.5,2,1.5,1.5,2,1,1,1,1,1,1,1,1,1,1,1,1,1,1,1,1,1,1,1,1,1,1,1,1,1,1,0,1,1,0,0,1,1,1,1,1,1
117,8.720547945,8,F,16,58,28,2,2,2,2,2,2,2,2,2,2,1,2,2,2,2,2,2,2,2,2,2,2,0,2,2,2,2,2,2,1,0,2,2,2,1,2,2,2,2,1.833333333,1.5,2,1.666666667,1,1,1,1,1,1,1,1,1,1,0,1,1,1,1,1,1,1,1,1,1,1,0,1,1,1,1,1,1,0,0,1,1,1,1,1,1
118,8.698630137,8,M,14,60,32,2,2,2,2,2,2,2,2,1,2,1,1,2,2,2,2,2,2,2,2,2,2,2,2,2,2,2,2,1,1,0,1,2,2,2,2,2,2,1.75,1.833333333,1.333333333,2,2,1,1,1,1,1,1,1,1,1,1,0,1,1,1,1,1,1,1,1,1,1,1,1,1,1,1,1,1,1,1,0,1,1,1,1,1,1
121,8.676712329,8,F,16,60,26,2,2,2,2,2,2,1,1,2,1,1,0,0,2,2,2,2,2,1,1,1,2,0,2,1,2,2,1,2,2,0,2,2,2,1,1,2,2,1.25,1.666666667,1.5,1.833333333,1.166666667,1,1,1,1,1,1,1,1,1,1,1,0,0,1,1,1,1,1,1,1,1,1,0,1,1,1,1,0,1,1,0,1,1,1,1,1,1
122,8.717808219,8,M,14,58,38,2,2,2,2,2,2,2,NA,2,1,2,1,2,2,2,2,2,2,2,1,2,2,1,2,2,2,2,2,2,2,1,2,2,2,2,2,2,2,1.666666667,2,1.833333333,2,1.666666667,1,1,1,1,1,1,1,NA,1,1,1,1,1,1,1,1,1,1,1,1,1,1,1,1,1,1,1,1,1,1,0,1,1,1,1,1,1
123,3.643835616,3,M,NA,NA,16,1,0,NA,0,1,0,1,1,0,0,0,0,0,1,0,1,0,0,0,1,1,0,0,1,0,1,0,0,1,0,0,0,0,0,0,1,0,0.4,0.5,0.166666667,0.333333333,0.333333333,0.5,0,0,NA,0,1,0,1,1,0,0,0,0,0,1,0,1,0,0,0,1,1,0,0,1,0,1,0,0,1,0,0,0,0,0,0,1,0
125,8.720547945,8,M,16,54,29,2,2,2,2,1,2,2,2,0,2,0,0,NA,2,2,2,2,2,1,2,2,2,0,1,2,2,2,1,2,2,0,2,1,2,2,2,2,1.833333333,1.5,1.833333333,1.5,1.833333333,1.5,1,1,1,1,1,1,1,1,0,1,0,0,NA,1,1,1,1,1,1,1,1,1,0,0,1,1,1,0,1,1,0,1,1,1,1,1,1
128,3.720547945,3,M,14,52,8,2,2,2,2,2,1,2,2,1,1,2,1,1,1,2,0,0,2,0,1,1,2,0,1,1,1,1,1,1,1,0,1,1,0,0,1,0,1.833333333,1.5,0.5,0.833333333,0.833333333,1,1,1,1,1,1,1,1,1,0,1,1,1,1,1,1,0,0,1,0,0,1,1,0,1,0,1,0,1,1,0,0,1,1,0,0,1,0
129,8.602739726,8,M,16,60,31,2,2,2,0,2,2,2,2,2,2,2,2,2,2,2,2,2,2,2,2,2,2,1,2,2,2,2,2,2,1,0,2,2,2,2,2,2,1.666666667,2,2,1.5,2,1.833333333,1,1,1,0,1,1,1,1,1,1,1,1,1,1,1,1,1,1,1,1,1,1,0,1,1,1,1,1,1,0,0,1,1,1,1,1,1
130,8.616438356,8,M,13,57,27,2,2,2,2,2,2,2,2,1,2,1,2,1,2,2,2,2,2,2,1,0,2,2,1,2,2,2,2,2,1,1,1,2,2,2,2,1,2,1.75,1.666666667,1.666666667,2,1.333333333,1,1,1,1,1,1,1,1,1,1,0,1,0,1,1,1,1,1,1,1,0,1,1,1,1,1,1,1,1,0,1,1,1,1,1,1,1
131,8.638356164,8,F,16,60,29,2,2,2,2,2,2,2,2,2,2,2,2,2,2,2,2,2,2,2,2,1,2,2,2,2,2,2,2,2,2,0,2,2,2,2,2,2,2,2,2,1.666666667,2,1.833333333,1,1,1,1,1,1,1,1,1,1,1,1,1,1,1,1,1,1,1,1,1,1,1,1,1,1,1,1,1,1,0,1,1,1,1,1,1
132,8.715068493,8,M,NA,60,35,2,2,2,2,2,2,1,2,1,2,2,1,2,2,2,2,2,2,2,2,2,2,2,2,2,2,2,2,2,1,2,2,2,2,2,2,2,2,1.5,2,1.833333333,2,2,1,1,1,1,1,1,1,1,1,1,1,1,1,1,1,1,1,1,1,1,1,1,1,1,1,1,1,1,1,1,1,1,1,1,1,1,1
133,8.602739726,8,F,16,60,29,2,2,2,2,1,2,2,NA,2,2,1,0,2,2,2,2,2,2,2,2,2,2,2,2,2,2,2,2,2,0,0,2,2,2,1,2,2,1.833333333,2,1.833333333,1.333333333,2,2,1,1,1,1,1,1,1,NA,1,1,1,0,1,1,1,1,1,1,1,1,1,1,1,1,1,1,1,1,1,0,0,1,1,1,1,1,1
134,3.624657534,3,F,8,51,17,0,2,1,1,1,1,0,0,1,1,1,1,1,0,2,1,1,1,2,0,0,0,0,0,0,1,1,1,0,0,0,0,0,0,0,1,1,1,0.5,0.333333333,0.5,1.166666667,0,0,1,1,1,1,1,0,0,1,1,1,1,1,0,1,0,0,0,1,0,0,0,0,0,0,1,1,1,0,0,0,0,0,0,0,1,1
135,4.660273973,4,M,12,33,17,2,2,NA,1,2,0,2,2,0,2,0,1,2,1,1,2,1,1,0,2,0,1,0,1,2,1,0,2,0,0,0,2,2,2,1,1,1,1.4,1.5,1.5,0.5,1,1,1,1,NA,0,1,0,1,1,0,1,0,0,1,0,0,1,0,0,0,1,0,1,0,1,1,1,0,1,0,0,0,1,1,1,1,1,1
136,7.619178082,7,M,16,60,29,2,2,2,2,2,2,1,2,2,1,1,1,1,1,2,2,2,2,2,2,2,2,2,2,2,2,2,2,2,2,0,2,2,2,2,2,2,2,1.5,2,1.666666667,1.833333333,2,1,1,1,1,1,1,1,1,1,1,1,1,0,0,1,1,1,1,1,1,1,1,1,1,1,1,1,1,1,1,0,1,1,1,1,1,1
137,7.742465753,7,M,16,60,21,2,2,2,2,2,2,2,1,1,2,1,1,1,2,2,1,2,2,1,2,2,2,2,2,2,2,2,2,2,0,0,2,1,1,0,1,2,2,1.5,1.166666667,1.333333333,1.666666667,2,1,1,1,1,1,1,1,1,1,1,1,1,0,1,1,1,1,1,1,1,1,1,1,1,1,1,1,1,1,0,0,1,1,1,0,1,1
138,7.687671233,7,M,15,56,23,2,2,2,2,2,2,2,2,2,2,2,1,2,2,2,2,2,2,2,2,2,2,1,2,2,2,2,2,2,2,1,2,2,2,2,2,2,2,2,2,1.833333333,2,1.833333333,1,1,1,1,1,1,1,1,1,1,1,1,1,1,1,1,1,1,1,1,1,1,0,1,1,1,1,1,1,1,0,1,1,1,1,1,1
139,3.871232877,3,F,7,57,13,0,2,1,2,1,1,0,0,0,0,0,0,0,0,0,0,2,0,1,0,0,1,1,0,0,0,0,1,1,0,0,0,0,0,1,1,0,1.166666667,0,0.333333333,0.333333333,0.5,0.333333333,0,1,0,1,1,1,0,0,0,0,0,0,0,0,0,0,1,0,1,0,0,1,1,0,0,0,0,1,1,0,0,0,0,0,1,1,0
140,3.849315068,3,F,NA,NA,NA,1,1,0,0,1,0,0,0,0,0,0,0,1,0,0,0,0,1,NA,1,0,0,0,1,0,0,1,1,0,0,0,0,0,0,0,1,0,0.5,0,0.166666667,0.333333333,0.2,0.333333333,1,1,0,0,1,0,0,0,0,0,0,0,1,0,0,0,0,1,NA,1,0,0,0,1,0,0,1,1,0,0,0,0,0,0,0,1,0
141,3.912328767,3,M,16,57,8,2,2,2,0,1,1,1,1,0,0,2,1,0,1,1,1,1,1,1,1,1,2,1,1,0,1,2,1,0,0,0,1,1,1,1,1,1,1.333333333,0.5,1,0.666666667,1,1,1,1,1,0,1,1,1,1,0,0,1,1,0,1,1,1,1,1,1,1,1,1,1,1,0,1,1,1,0,0,0,1,1,1,1,1,1
142,3.81369863,3,M,11,55,16,2,2,2,2,2,0,1,0,1,1,0,1,2,1,0,1,1,2,1,0,0,2,1,1,0,1,1,2,0,0,0,1,2,2,2,1,1,1.666666667,0.75,1.5,0.666666667,1,0.666666667,1,1,1,1,1,0,0,0,1,1,0,1,1,1,0,1,1,1,0,0,0,1,1,1,0,1,1,1,0,0,0,1,1,1,1,1,1
143,3.832876712,3,M,13,NA,14,0,2,1,1,1,1,1,0,0,0,0,1,1,1,0,0,1,0,0,1,0,0,1,1,1,1,1,1,0,0,0,0,0,0,2,1,1,1,0.25,0.666666667,0.5,0.333333333,0.666666667,0,1,1,1,1,1,1,0,0,0,0,1,1,1,0,0,0,0,0,1,0,0,1,1,1,1,0,1,0,0,0,0,0,0,1,1,1
145,4.98,4,F,NA,1,19,2,1,0,1,1,2,0,1,2,2,0,1,0,1,2,1,2,2,2,2,2,1,0,2,2,2,1,2,2,0,0,2,2,2,1,1,2,1.166666667,1.25,1.666666667,1.166666667,1.666666667,1.5,1,0,0,1,1,1,0,1,1,1,0,1,0,1,1,1,1,1,1,1,1,1,0,1,1,1,1,1,1,0,0,1,1,1,1,1,1
146,6.871232877,6,M,NA,58,26,2,2,2,0,2,2,2,2,2,1,1,1,1,1,2,1,1,2,2,2,1,2,2,2,2,2,0,2,2,2,1,2,2,2,1,1,2,1.666666667,1.75,1.666666667,1.5,1.5,1.833333333,1,1,1,0,1,1,1,1,1,1,0,0,0,1,1,1,0,1,1,1,1,1,1,1,1,1,0,1,1,1,1,1,1,1,1,1,1
148,7.761643836,7,M,14,3,26,2,2,2,2,2,2,2,2,2,2,2,0,0,2,2,2,2,2,2,2,2,2,2,1,2,2,2,2,NA,2,1,2,2,2,2,2,1,2,2,1.833333333,1.8,2,1.833333333,1,1,1,1,1,1,1,1,1,1,1,0,0,1,1,1,1,1,1,1,1,1,1,1,1,1,1,1,NA,1,0,1,1,1,1,1,1
149,6.882191781,6,F,16,60,NA,2,2,2,2,2,2,2,2,1,1,1,0,1,2,2,1,2,2,0,1,2,2,2,2,2,2,1,0,1,1,1,1,0,0,0,1,1,2,1.5,0.5,1,1.5,1.833333333,1,1,1,1,1,1,1,1,1,1,1,0,1,1,1,1,1,1,0,1,1,1,1,1,1,1,1,0,1,1,0,1,0,0,0,1,1
150,6.876712329,6,M,15,53,24,2,2,2,2,2,2,2,1,1,1,1,1,1,2,2,2,1,2,2,0,2,2,0,1,2,1,1,2,2,1,0,2,2,2,1,2,2,2,1.25,1.833333333,1.166666667,1.833333333,1.166666667,1,1,1,1,1,1,1,1,1,1,1,1,1,1,1,1,0,1,1,0,1,1,0,1,1,1,1,1,1,1,0,1,1,1,1,1,1
153,3.876712329,3,F,14,36,10,1,1,2,1,1,2,1,0,0,1,1,0,1,1,1,0,0,2,1,0,1,0,1,1,1,1,1,0,0,0,0,1,0,1,0,1,1,1.333333333,0.5,0.666666667,0.333333333,0.833333333,0.666666667,1,0,1,1,1,1,1,0,0,1,1,0,1,0,1,0,0,1,0,0,0,0,1,1,0,1,1,0,0,0,0,1,0,1,0,1,1
154,3.871232877,3,M,NA,NA,NA,1,2,0,0,1,1,1,1,0,0,0,1,0,0,0,0,0,1,1,0,0,0,0,0,1,0,0,1,1,NA,0,0,0,0,0,0,0,0.833333333,0.5,0,0.4,0.333333333,0.166666667,1,1,0,0,1,1,1,1,0,0,0,1,0,0,0,0,0,1,1,0,0,0,0,0,1,0,0,1,1,NA,0,0,0,0,0,0,0
155,3.873972603,3,M,9,48,14,2,2,2,2,2,2,2,1,1,1,0,1,2,2,2,2,1,2,0,2,2,2,1,2,2,1,0,0,1,0,0,0,2,2,1,1,1,2,1.25,1.166666667,0.333333333,1.5,1.833333333,1,1,1,1,1,1,1,1,1,1,0,0,1,1,1,1,0,1,0,1,1,1,1,1,1,1,0,0,1,0,0,0,1,1,1,1,1
156,3.898630137,3,F,16,NA,NA,1,1,1,1,1,0,1,0,1,0,0,1,1,0,0,0,0,0,1,1,0,1,0,1,0,1,0,1,1,0,0,0,0,0,1,1,1,0.833333333,0.5,0.5,0.5,0.166666667,0.5,1,1,1,1,1,0,1,0,1,0,0,1,1,0,0,0,0,0,1,1,0,1,0,1,0,1,0,1,1,0,0,0,0,0,1,1,1
158,4.87,4,F,16,57,20,0,2,2,2,2,2,2,2,2,1,1,1,0,2,0,2,2,2,2,2,2,1,0,1,1,2,2,0,1,0,0,2,2,2,0,1,1,1.666666667,1.75,1.333333333,0.833333333,1.666666667,1.166666667,0,1,1,1,1,1,1,1,1,1,1,1,0,1,0,1,1,1,1,1,1,0,0,1,1,1,1,0,1,0,0,1,1,1,0,1,1
159,4.838356164,4,F,15,56,17,2,2,2,2,2,2,2,2,1,1,0,1,0,0,2,2,2,2,2,1,2,2,1,2,2,2,1,0,1,1,0,0,0,2,2,1,2,2,1.5,1.166666667,0.833333333,1.666666667,1.666666667,1,1,1,1,1,1,1,1,1,1,0,1,0,0,1,1,1,1,1,1,1,1,0,1,1,1,0,0,1,0,0,0,0,1,1,1,1
160,3.103,3,M,10,60,9,2,1,2,0,1,1,1,1,2,2,0,0,0,1,0,2,0,1,1,0,1,0,0,1,1,0,1,0,1,0,0,1,0,0,1,1,0,1.166666667,1.5,0.5,0.333333333,0.833333333,0.5,1,1,1,0,1,1,0,0,1,1,0,0,0,0,0,1,0,0,1,0,1,0,0,1,1,0,1,0,1,0,0,1,0,0,1,1,0
161,4.890410959,4,M,16,51,19,2,2,2,2,2,2,2,2,2,1,1,1,1,2,1,2,2,1,2,1,2,2,1,1,1,1,2,0,1,1,0,1,0,2,1,1,1,2,1.75,1,0.833333333,1.666666667,1.333333333,1,1,1,1,1,1,1,1,1,1,1,1,0,1,0,1,1,0,1,1,1,1,1,1,1,1,1,0,1,0,0,1,0,1,1,1,1
163,4.89,4,M,NA,57,14,2,2,2,2,2,2,2,2,2,1,1,1,0,2,1,1,1,2,1,1,2,2,2,2,2,1,2,2,1,0,1,1,2,2,1,1,1,2,1.75,1.333333333,1.166666667,1.333333333,1.833333333,1,1,1,1,1,1,1,1,1,1,0,1,0,1,0,1,0,1,1,1,1,1,1,1,1,1,1,1,1,0,1,1,1,1,1,1,1
164,6.56,6,F,NA,58,NA,1,2,2,2,2,2,2,2,2,2,2,1,0,2,2,2,2,2,2,2,2,2,2,2,2,2,2,2,2,1,0,2,2,2,2,2,2,1.833333333,2,2,1.5,2,2,1,1,1,1,1,1,1,1,1,1,1,1,0,1,1,1,1,1,1,1,1,1,1,1,1,1,1,1,1,1,0,1,1,1,1,1,1
165,6.591780822,6,F,NA,57,14,2,0,0,2,1,2,1,2,2,0,1,0,0,1,1,1,1,2,2,1,2,1,0,0,2,1,2,1,2,1,0,0,2,1,1,1,0,1.166666667,1.25,0.833333333,1.166666667,1.333333333,1,1,0,0,1,1,1,1,1,1,0,0,0,0,1,1,1,1,1,1,1,1,1,0,0,1,0,1,1,1,0,0,0,1,1,1,0,0
167,6.684931507,6,M,NA,59,NA,2,2,2,0,2,2,2,2,1,1,1,1,1,2,1,1,2,2,2,2,NA,2,0,0,1,2,2,1,1,1,0,0,0,0,0,2,2,1.666666667,1.5,0.666666667,1.166666667,1.666666667,1,1,1,1,0,1,1,1,1,1,1,0,0,1,1,1,1,1,1,1,1,NA,1,0,0,0,1,1,0,1,0,0,0,0,0,0,1,1
169,6.624657534,6,F,16,48,20,1,2,2,2,2,2,1,2,2,2,1,0,0,1,2,2,1,2,2,2,0,1,0,2,2,2,2,2,2,1,1,1,2,2,1,2,2,1.833333333,1.75,1.666666667,1.666666667,1.666666667,1.166666667,0,1,1,1,1,1,1,1,1,1,1,0,0,1,1,1,0,1,1,1,0,0,0,1,1,1,1,1,1,0,0,1,1,1,1,1,1
170,6.635616438,6,F,16,57,19,2,2,2,2,2,2,2,2,1,1,2,2,2,2,2,1,2,2,2,1,0,2,0,1,2,2,1,2,1,0,1,2,2,2,1,1,1,2,1.5,1.5,1.166666667,1.833333333,1,1,1,1,1,1,1,1,1,1,1,1,1,1,1,1,1,1,1,1,1,0,1,0,1,1,1,0,1,0,0,0,1,1,1,1,1,1
172,6.57,6,F,16,60,23,2,2,2,2,2,1,2,2,0,2,1,0,0,2,1,1,1,2,2,1,2,2,1,1,2,2,2,2,2,1,0,2,2,2,2,2,1,1.833333333,1.5,1.833333333,1.5,1.5,1.5,1,1,1,1,1,1,1,1,0,1,1,0,0,1,1,1,0,1,1,1,1,1,1,1,1,1,1,1,1,0,0,1,1,1,1,1,1
173,6.569863014,6,F,NA,53,NA,2,2,2,1,2,1,2,2,2,1,0,1,0,2,2,2,2,1,2,1,1,2,1,1,2,2,2,2,1,1,0,2,2,2,1,1,2,1.666666667,1.75,1.666666667,1.333333333,1.833333333,1.333333333,1,1,1,1,1,1,1,1,1,1,0,1,0,1,1,1,1,0,1,1,1,1,1,1,1,1,1,1,1,1,0,1,1,1,1,1,1
174,6.638356164,6,F,16,58,19,2,2,2,2,2,2,2,2,2,1,1,1,2,1,1,2,2,2,2,2,0,2,0,2,2,2,2,2,2,2,1,1,2,2,2,1,2,2,1.75,1.666666667,1.833333333,1.666666667,1.333333333,1,1,1,1,1,1,1,1,1,1,1,1,1,1,0,1,1,1,1,1,0,1,0,1,1,1,1,1,1,1,0,1,1,1,1,1,1
175,6.682191781,6,M,16,47,20,2,2,2,2,1,2,2,2,1,1,1,1,0,2,2,2,2,2,2,2,2,0,1,2,2,2,1,2,1,2,1,2,2,2,0,1,1,1.833333333,1.5,1.333333333,1.5,2,1.5,1,1,1,1,1,1,1,1,1,1,1,1,0,1,1,1,1,1,1,1,1,0,0,1,1,1,0,1,1,1,0,1,1,1,0,1,1
176,6.630136986,6,M,15,55,23,2,2,2,2,2,2,2,1,1,2,1,0,1,2,2,2,2,2,2,1,2,2,1,2,2,2,2,2,1,2,2,1,2,2,2,2,2,2,1.5,1.833333333,1.833333333,2,1.666666667,1,1,1,1,1,1,1,1,1,1,0,0,0,1,1,1,1,1,1,1,1,1,1,1,1,1,1,1,1,1,1,1,1,1,1,1,1
177,3.465753425,3,M,11,NA,14,0,0,1,0,1,0,1,0,0,0,0,1,0,0,0,0,0,0,1,0,0,1,0,1,1,1,0,1,0,0,0,0,0,0,1,1,0,0.333333333,0.25,0.333333333,0.333333333,0.166666667,0.5,0,0,1,0,1,0,1,0,0,0,0,1,0,0,0,0,0,0,1,0,0,0,0,1,1,1,0,1,0,0,0,0,0,0,1,1,0
178,3.460273973,3,M,0,NA,14,0,0,0,1,0,0,0,1,0,0,0,NA,1,0,0,0,0,0,1,0,0,0,0,0,NA,0,0,1,0,0,0,1,0,0,1,1,1,0.166666667,0.25,0.666666667,0.166666667,0.166666667,0,0,0,0,1,0,0,0,1,0,0,0,NA,1,0,0,0,0,0,1,0,0,0,0,0,NA,0,0,1,0,0,0,1,0,0,1,1,1
179,6.602739726,6,M,15,56,19,2,2,2,2,2,2,2,1,0,0,1,1,2,2,2,2,1,2,2,2,2,2,2,2,0,1,1,2,1,2,0,1,1,2,2,0,2,2,0.75,1.333333333,1.166666667,1.833333333,1.666666667,1,1,1,1,1,1,1,1,0,0,0,1,1,1,1,1,0,1,1,1,1,1,1,1,0,1,0,1,1,1,0,1,1,1,1,0,1
181,3.55890411,3,M,10,56,12,0,0,1,1,1,1,0,0,0,0,1,0,1,0,1,0,0,1,0,1,1,1,0,0,1,1,1,1,0,0,0,0,0,0,0,1,1,0.666666667,0,0.333333333,0.5,0.333333333,0.666666667,0,0,1,1,1,1,0,0,0,0,1,0,1,0,1,0,0,1,0,1,1,1,0,0,1,1,1,1,0,0,0,0,0,0,0,1,1
183,7.594520548,7,M,16,60,26,2,2,2,2,2,2,2,2,2,2,2,1,1,2,1,1,2,2,2,2,2,2,1,1,2,2,2,2,2,1,0,2,2,2,2,2,2,2,2,2,1.5,1.666666667,1.666666667,1,1,1,1,1,1,1,1,1,1,1,1,0,1,1,1,1,1,1,1,1,1,1,1,1,1,1,1,1,0,0,1,1,1,1,1,1
185,3.63,3,F,14,NA,31,0,0,0,0,1,0,0,0,0,0,1,0,0,0,0,0,0,0,0,0,0,1,0,0,1,0,1,0,1,0,0,0,0,0,0,0,0,0.166666667,0,0,0.333333333,0,0.333333333,0,0,0,0,1,0,0,0,0,0,1,0,0,0,0,0,0,0,0,0,0,1,0,0,1,0,1,0,1,0,0,0,0,0,0,0,0
186,7.797260274,7,M,16,55,29,2,2,2,2,2,2,1,1,2,2,0,0,2,2,2,2,2,2,2,1,2,2,2,2,2,2,2,2,2,2,0,2,2,2,1,2,2,2,1.5,1.833333333,1.666666667,2,1.833333333,1,1,1,1,1,1,1,1,1,1,0,0,1,1,1,1,1,1,1,1,1,1,1,1,1,1,1,1,1,1,0,1,1,1,1,1,1
187,8.819178082,8,F,16,54,38,2,2,2,0,2,0,2,2,2,2,2,1,2,2,2,2,1,2,2,2,2,2,1,2,2,2,2,2,2,2,1,2,2,2,2,2,2,1.333333333,2,2,1.833333333,1.833333333,1.833333333,1,1,1,0,1,0,1,1,1,1,1,0,1,1,1,1,0,1,1,1,1,1,1,1,1,1,1,1,1,1,0,1,1,1,1,1,1
188,7.808219178,7,M,15,59,26,2,2,2,2,2,1,2,2,2,2,1,1,2,1,2,2,2,2,2,2,0,2,1,2,2,2,1,2,1,2,0,1,1,1,2,2,2,1.833333333,2,1.5,1.333333333,1.833333333,1.5,1,1,1,1,1,1,1,1,1,1,1,0,1,1,1,1,1,1,1,1,0,1,1,1,1,1,0,1,1,1,0,1,1,1,1,1,1
189,7.78630137,7,M,16,60,23,1,2,2,0,2,0,0,1,1,1,1,1,1,0,1,2,0,1,0,0,0,1,0,0,0,2,1,2,1,1,0,1,1,1,0,1,1,1.166666667,0.75,0.833333333,1.166666667,0.666666667,0.166666667,1,1,1,0,1,0,0,0,1,1,1,1,1,0,1,1,0,0,0,0,0,1,0,0,0,1,0,1,1,0,0,1,1,1,0,1,1
190,3.96,3,M,NA,49,16,NA,2,2,2,2,1,1,2,0,0,0,1,0,0,1,1,0,1,0,1,1,2,0,1,2,2,2,1,1,0,0,1,1,2,1,1,1,1.8,0.75,1.166666667,1,0.5,1.166666667,NA,1,1,1,1,1,1,1,0,0,0,1,0,0,1,1,0,0,0,0,0,1,0,1,1,1,1,1,1,0,0,1,1,1,1,1,1
191,7.819178082,7,M,NA,58,27,2,2,2,2,2,2,1,1,1,1,1,1,1,2,2,2,1,2,2,2,2,2,2,2,2,2,2,2,2,2,0,1,2,2,0,2,2,2,1,1.5,1.666666667,1.833333333,2,1,1,1,1,1,1,1,1,1,1,1,0,0,1,1,1,0,1,1,1,1,1,1,1,1,1,1,1,1,1,0,1,1,1,0,1,1
192,8.715068493,8,F,15,60,23,2,2,2,2,2,2,2,2,2,2,0,1,0,2,2,1,2,2,2,2,2,2,1,1,2,2,2,2,2,2,1,1,2,2,1,1,1,2,2,1.333333333,1.833333333,1.833333333,1.666666667,1,1,1,1,1,1,1,1,1,1,0,1,0,1,1,1,1,1,1,1,1,1,1,1,1,1,1,1,1,1,0,1,1,1,1,1,1
193,5.67,5,M,14,56,15,2,2,2,2,0,2,2,1,2,1,0,1,1,2,0,2,2,2,2,1,1,2,0,2,1,1,2,1,2,1,0,1,0,0,0,1,1,1.666666667,1.5,0.5,1.166666667,1.666666667,1.166666667,1,1,1,1,0,1,1,1,1,0,0,1,0,1,0,1,1,1,1,1,1,1,0,1,1,1,1,1,1,0,0,1,0,0,0,1,1
196,7.794520548,7,M,15,59,29,2,2,2,2,2,1,2,2,2,1,1,1,1,2,2,2,2,2,2,1,1,2,1,1,1,2,2,2,1,1,0,1,2,2,2,2,2,1.833333333,1.75,1.833333333,1.333333333,2,1.166666667,1,1,1,1,1,1,1,1,1,1,1,1,0,1,1,1,1,1,1,1,1,1,1,1,1,1,1,1,1,1,0,1,1,1,1,1,1
198,8.789041096,8,F,16,52,38,2,2,2,2,2,2,2,2,1,2,2,2,1,2,2,2,2,2,2,2,2,2,2,2,2,2,2,1,2,2,1,2,2,2,0,2,2,2,1.75,1.666666667,1.666666667,2,2,1,1,1,1,1,1,1,1,1,1,1,1,0,1,1,1,1,1,1,1,1,1,1,1,1,1,1,0,1,1,0,1,1,1,0,1,1
201,8.643835616,8,M,16,60,33,2,2,2,2,2,2,2,2,2,2,2,2,1,2,2,2,2,2,2,2,1,2,2,2,2,2,2,2,2,1,0,2,2,2,2,2,1,2,2,1.833333333,1.5,2,1.833333333,1,1,1,1,1,1,1,1,1,1,1,1,0,1,1,1,1,1,1,1,1,1,1,1,1,1,1,1,1,0,0,1,1,1,1,1,1
202,5.569863014,5,M,16,54,19,2,2,2,0,1,2,1,1,0,1,1,1,1,2,0,1,2,2,1,1,1,1,1,1,0,1,1,1,2,0,0,1,2,2,0,1,1,1.5,0.75,1.166666667,0.833333333,1.333333333,0.833333333,1,1,1,0,1,1,1,1,0,1,0,1,1,1,0,1,1,1,0,1,1,0,1,1,0,1,1,1,1,0,0,1,1,1,0,1,1
203,4.739726027,4,M,NA,NA,NA,2,2,1,0,2,0,0,1,0,0,1,1,1,1,0,0,0,2,1,0,0,1,0,0,0,NA,0,0,2,0,0,1,2,2,1,1,0,1.166666667,0.25,1.166666667,0.4,0.666666667,0.166666667,1,1,1,0,1,0,0,1,0,0,1,1,1,0,0,0,0,1,0,0,0,0,0,0,0,NA,0,0,1,0,0,1,1,1,1,1,0
204,3.58,3,F,4,35,7,1,1,0,1,0,1,1,0,0,0,0,0,0,0,0,0,1,0,0,1,0,0,0,0,0,2,0,0,0,0,0,0,0,0,0,0,1,0.666666667,0.25,0.166666667,0.333333333,0.166666667,0.166666667,1,1,0,1,0,1,1,0,0,0,0,0,0,0,0,0,1,0,0,1,0,0,0,0,0,1,0,0,0,0,0,0,0,0,0,0,1
205,5.57,5,F,12,NA,18,2,0,1,2,2,2,1,1,2,NA,1,0,0,2,2,2,2,1,0,1,1,2,2,1,2,2,1,2,1,0,0,0,0,2,1,2,2,1.5,1.333333333,1.166666667,1,1.5,1.5,1,0,0,1,1,1,0,1,1,NA,1,0,0,1,1,1,1,1,0,1,1,1,1,1,1,1,0,1,1,0,0,0,0,1,1,1,1
207,5.690410959,5,M,15,55,20,2,2,2,1,0,1,2,2,0,1,1,0,2,1,2,2,1,2,1,1,0,2,1,1,2,2,2,2,0,1,0,1,1,1,2,2,2,1.333333333,1.25,1.5,1.166666667,1.5,1.166666667,1,1,1,1,0,1,1,1,0,1,1,0,1,1,1,1,0,1,1,1,0,1,1,1,1,1,1,1,0,1,0,1,1,1,1,1,1
210,8.780821918,8,F,15,60,28,2,2,2,2,2,2,2,2,2,2,0,1,2,1,1,2,1,2,2,2,2,2,1,1,2,2,2,1,2,1,1,2,2,0,2,2,2,2,2,1.666666667,1.5,1.5,1.666666667,1,1,1,1,1,1,1,1,1,1,0,1,1,1,1,1,1,1,1,1,1,1,0,1,1,1,1,0,1,1,0,1,1,0,1,1,1
214,3.610958904,3,M,NA,48,14,1,1,1,1,1,0,1,0,0,1,0,1,1,0,0,0,0,0,0,0,0,1,0,0,0,0,0,1,0,1,0,0,0,0,1,1,1,0.833333333,0.5,0.5,0.333333333,0,0.166666667,1,1,1,1,1,0,1,0,0,1,0,1,1,0,0,0,0,0,0,0,0,1,0,0,0,0,0,1,0,1,0,0,0,0,1,1,1
215,7.68,7,M,14,58,32,2,2,2,2,2,2,2,2,0,1,2,1,1,2,2,2,2,2,2,1,1,2,2,1,1,2,2,2,2,2,0,1,2,1,2,2,2,2,1.25,1.666666667,1.666666667,2,1.333333333,1,1,1,1,1,1,1,1,0,1,1,1,1,1,1,1,1,1,1,1,1,1,1,1,1,1,1,1,1,1,0,1,1,1,1,1,1
216,3.501369863,3,M,0,NA,16,1,1,0,1,1,1,0,0,0,0,0,0,0,0,0,0,0,0,0,0,NA,2,0,0,0,1,0,0,0,0,0,0,0,0,1,1,1,0.833333333,0,0.5,0.166666667,0,0.4,1,1,0,1,1,1,0,0,0,0,0,0,0,0,0,0,0,0,0,0,NA,1,0,0,0,1,0,0,0,0,0,0,0,0,1,1,1
220,8.726027397,8,F,16,59,28,2,2,2,2,2,2,2,2,2,2,2,1,2,2,2,2,2,1,2,2,2,2,2,2,2,2,2,2,2,2,0,2,2,2,2,2,2,2,2,2,1.666666667,1.833333333,2,1,1,1,1,1,1,1,1,1,1,1,1,1,1,1,1,1,1,1,1,1,1,1,1,1,1,1,1,1,1,0,1,1,1,1,1,1
222,8.7,8,M,16,59,24,1,2,2,2,2,2,2,2,1,2,2,0,2,2,2,2,2,2,2,2,2,0,1,1,2,2,2,2,2,2,1,2,2,2,1,2,1,1.833333333,1.75,1.666666667,1.833333333,2,1.333333333,1,1,1,1,1,1,1,1,1,1,1,0,1,1,1,1,1,1,1,1,1,0,1,1,1,1,1,1,1,1,0,1,1,1,1,1,1
223,8.679452055,8,M,16,60,42,1,2,2,2,2,2,0,2,1,2,2,2,2,2,2,2,2,2,2,2,2,2,2,2,2,2,2,2,2,2,2,2,2,2,2,2,2,1.833333333,1.25,2,2,2,2,1,1,1,1,1,1,0,1,1,1,1,1,1,1,1,1,1,1,1,1,1,1,1,1,1,1,1,1,1,1,1,1,1,1,1,1,1
224,4.33,4,M,3,NA,15,2,2,2,2,2,1,1,0,1,1,1,0,2,0,2,2,1,1,1,1,0,2,1,2,0,2,2,1,1,0,0,0,1,1,1,2,2,1.833333333,0.75,1.166666667,1,1.166666667,1,1,1,1,1,1,1,1,0,1,1,1,0,1,0,1,1,0,0,0,0,0,1,1,1,0,1,1,1,1,0,0,0,0,1,1,1,1
225,8.7,8,F,16,57,32,1,2,2,2,2,1,1,1,0,0,NA,1,1,2,2,1,2,1,2,2,2,2,2,2,2,2,2,2,2,2,0,2,2,2,2,2,2,1.666666667,0.5,2,1.666666667,1.666666667,2,0,1,1,1,1,1,1,1,0,0,1,1,1,1,1,1,1,1,1,1,1,1,1,1,1,1,1,1,1,1,0,1,1,1,1,1,1
226,8.726027397,8,M,16,58,29,2,2,2,2,2,2,2,2,2,2,1,0,0,2,2,2,2,2,2,2,2,2,2,2,2,2,2,2,2,2,1,2,2,2,NA,1,1,2,2,1.6,1.833333333,2,2,1,1,1,1,1,1,1,1,1,1,1,0,0,1,1,1,1,1,1,1,1,1,1,1,1,1,1,1,1,1,1,1,1,1,NA,1,1
227,8.652054795,8,F,15,60,35,2,2,2,2,2,2,2,2,2,1,1,1,1,2,2,2,1,2,2,2,2,2,2,2,1,2,2,2,2,2,1,2,2,2,2,2,2,2,1.75,2,1.833333333,1.833333333,1.833333333,1,1,1,1,1,1,1,1,1,0,1,1,1,1,1,1,0,1,1,1,1,1,1,1,1,1,1,1,1,1,0,1,1,1,1,1,1
228,8.726027397,8,F,15,56,32,2,2,2,2,2,2,2,2,2,2,2,0,1,2,2,1,2,2,2,2,2,2,2,2,2,2,2,1,2,2,1,2,2,2,2,2,2,2,2,2,1.666666667,1.833333333,2,1,1,1,1,1,1,1,1,1,1,1,0,0,1,1,1,1,1,1,1,1,1,1,1,1,1,1,1,1,1,0,1,1,1,1,1,1
231,8.76,8,M,16,60,25,1,2,1,1,2,1,0,0,1,1,2,2,1,0,0,1,0,1,0,1,1,2,0,1,2,2,0,0,1,1,0,1,1,1,2,1,1,1.333333333,0.5,1.166666667,0.666666667,0.333333333,1.166666667,1,1,0,1,1,1,0,0,1,1,1,1,1,0,0,1,0,0,0,1,1,1,0,1,1,1,0,0,1,0,0,1,1,1,1,1,1
232,6.315068493,6,M,NA,54,25,2,2,2,2,2,2,2,0,2,1,0,0,1,2,2,2,2,2,2,2,2,2,1,2,2,2,2,2,2,0,1,2,0,2,2,2,2,2,1.25,1.666666667,1.5,2,1.833333333,1,1,1,1,1,1,1,0,1,1,0,0,0,1,1,1,1,1,1,1,1,1,1,1,1,1,1,1,1,0,0,1,0,1,1,1,1
233,8.654794521,8,F,15,55,31,2,2,2,2,2,2,2,2,2,2,2,1,2,2,2,1,2,2,2,2,2,2,0,2,2,2,2,2,2,2,1,2,2,2,2,1,1,2,2,1.666666667,1.833333333,1.833333333,1.666666667,1,1,1,1,1,1,1,1,1,1,1,1,1,1,1,1,1,1,1,1,1,1,0,1,1,1,1,1,1,1,0,1,1,1,1,1,1
234,5.830136986,5,F,14,52,21,2,2,2,2,2,0,1,2,2,2,1,0,0,2,2,2,2,2,2,2,2,2,1,2,2,2,2,2,1,1,0,2,2,2,2,2,2,1.666666667,1.75,2,1.333333333,2,1.833333333,1,1,1,1,1,0,0,1,1,1,1,0,0,1,1,1,1,1,1,1,1,1,1,1,1,1,1,1,1,0,0,1,1,1,1,1,1
235,8.68,8,F,1,60,30,2,2,2,2,1,2,2,2,2,2,2,1,0,2,2,1,2,2,2,2,2,2,1,1,2,1,2,2,2,2,1,2,2,2,1,1,1,1.833333333,2,1.5,1.666666667,1.833333333,1.666666667,1,1,1,1,1,1,1,1,1,1,1,1,0,1,1,1,1,1,1,1,1,1,1,0,1,1,1,1,1,1,1,1,1,1,1,1,1
236,5.43,5,M,13,57,20,2,2,2,2,2,2,2,2,1,2,1,0,0,2,2,2,2,2,2,1,2,2,2,2,1,1,2,2,1,1,0,2,2,2,2,2,2,2,1.75,2,1.166666667,2,1.666666667,1,1,1,1,1,1,1,1,1,1,0,0,0,1,1,1,1,1,1,1,1,1,1,1,1,1,1,1,1,0,0,1,1,1,1,1,1
237,5.54,5,F,16,60,18,1,2,2,2,1,2,2,2,0,2,1,1,1,2,2,1,2,2,2,2,2,2,2,2,2,2,1,1,1,1,1,2,2,1,1,1,1,1.666666667,1.5,1.333333333,1.166666667,1.833333333,2,1,1,1,1,1,1,1,1,0,1,1,1,1,1,1,1,1,1,1,1,1,1,1,1,1,1,0,1,1,0,1,1,1,1,1,1,1
238,5.616438356,5,F,16,56,18,1,2,2,2,1,2,1,2,1,1,0,1,1,2,1,1,2,2,1,0,2,0,1,1,1,1,1,2,2,0,0,1,1,1,2,1,1,1.666666667,1.25,1.166666667,1,1.5,0.833333333,1,1,1,1,1,1,1,1,1,1,0,1,1,1,1,1,1,1,1,0,1,0,1,1,1,1,1,1,1,0,0,1,1,1,1,1,1
239,5.52,5,F,16,42,18,2,2,1,2,2,2,2,2,2,1,1,1,1,2,2,2,2,2,2,2,2,2,1,1,2,2,2,2,2,0,1,2,2,2,2,2,2,1.833333333,1.75,2,1.5,2,1.666666667,1,1,1,1,1,1,1,1,1,1,1,0,0,1,1,1,1,1,1,1,1,1,1,1,1,1,1,1,1,0,0,1,1,1,1,1,1
240,5.24109589,5,F,15,60,20,2,2,2,1,2,2,1,2,1,1,1,1,2,1,2,2,2,2,2,1,1,2,1,1,1,2,1,1,1,1,0,1,NA,2,1,1,1,1.833333333,1.25,1.2,1,1.833333333,1.166666667,1,1,1,1,1,1,1,1,1,1,0,1,1,1,1,1,1,1,1,1,1,1,1,1,1,1,1,1,1,0,0,1,NA,1,1,1,1
241,8.660273973,8,F,16,59,31,2,2,2,2,0,2,2,2,2,2,2,2,2,2,2,1,2,2,2,2,2,0,1,1,2,2,2,2,2,1,1,2,2,2,2,2,2,1.666666667,2,2,1.666666667,1.833333333,1.333333333,1,1,1,1,0,1,1,1,1,1,1,1,1,1,1,1,1,1,1,1,1,0,0,1,1,1,1,1,1,0,1,1,1,1,1,1,1
242,8.736986301,8,F,15,51,20,1,2,2,1,1,2,1,2,1,1,1,0,1,2,2,2,1,2,2,2,1,2,1,2,2,1,2,2,0,0,0,1,2,2,1,2,2,1.5,1.25,1.666666667,0.833333333,1.833333333,1.666666667,1,1,1,1,1,1,1,1,1,1,1,0,0,1,1,1,0,1,1,1,1,1,1,1,1,1,1,1,0,0,0,1,1,1,1,1,1
243,8.657534247,8,F,NA,57,31,2,2,2,2,2,2,2,2,2,2,2,0,1,2,2,2,2,2,2,2,2,2,2,2,2,2,2,2,2,2,0,2,2,2,2,2,2,2,2,2,1.666666667,2,2,1,1,1,1,1,1,1,1,1,1,1,0,0,1,1,1,1,1,1,1,1,1,1,1,1,1,1,1,1,1,0,1,1,1,1,1,1
244,4.432876712,4,M,12,56,18,1,1,1,1,1,0,1,1,1,1,1,1,1,0,0,0,0,0,0,1,0,1,0,0,1,1,1,1,1,0,0,1,1,1,1,1,1,0.833333333,1,1,0.666666667,0,0.5,1,1,1,1,1,0,1,1,1,1,1,1,1,0,0,0,0,0,0,1,0,1,0,0,1,1,1,1,1,0,0,1,1,1,1,1,1
245,7.430136986,7,F,NA,60,NA,2,2,2,2,2,2,1,1,2,2,2,1,2,1,2,1,1,1,1,1,1,1,0,2,1,1,2,2,1,1,0,2,2,1,1,2,1,2,1.5,1.5,1.166666667,1.166666667,1,1,1,1,1,1,1,1,1,1,1,1,1,1,0,1,1,0,0,0,0,0,0,0,1,0,0,1,1,1,0,0,1,1,1,1,1,1
246,4.295890411,4,M,3,17,7,2,2,2,2,2,2,2,0,2,2,0,1,0,2,2,2,2,2,2,1,2,1,0,2,2,2,1,1,2,0,0,1,2,2,1,1,1,2,1.5,1.333333333,1,2,1.333333333,1,1,1,1,1,1,1,0,1,1,0,1,0,1,1,1,1,1,1,1,1,0,0,1,1,1,1,1,1,0,0,1,1,1,1,1,1
247,4.528767123,4,M,5,46,11,1,2,0,1,1,2,0,0,1,1,1,0,2,2,0,1,2,2,1,0,0,1,1,1,0,1,0,1,1,0,0,1,1,1,1,1,0,1.166666667,0.5,0.833333333,0.5,1.333333333,0.5,1,1,0,1,1,1,0,0,1,1,1,0,1,1,0,1,1,1,0,0,0,0,1,1,0,1,0,1,1,0,0,1,1,1,1,1,0
248,4.33,4,M,NA,0,7,0,0,0,1,1,0,0,0,0,0,0,1,0,0,0,0,0,0,0,1,0,1,0,0,0,0,0,1,1,0,0,0,0,0,0,0,0,0.333333333,0,0,0.333333333,0,0.333333333,0,0,0,1,1,0,0,0,0,0,0,1,0,0,0,0,0,0,0,1,0,1,0,0,0,0,0,1,1,0,0,0,0,0,0,0,0
250,6.709589041,6,M,16,58,27,2,2,1,2,2,2,2,2,1,1,1,0,0,2,2,2,1,2,2,2,2,1,1,2,2,2,2,2,1,1,0,2,2,2,2,1,2,1.833333333,1.5,1.833333333,1.333333333,1.833333333,1.666666667,1,1,0,1,1,1,1,1,1,1,0,0,0,1,1,1,0,1,1,1,1,0,0,1,1,1,1,1,1,0,0,1,1,1,1,1,1
251,6.638356164,6,M,15,60,22,2,2,2,0,2,2,2,2,2,2,2,1,2,1,2,2,1,1,1,2,2,2,1,2,2,2,2,2,1,2,0,1,2,2,2,0,2,1.666666667,2,1.5,1.5,1.333333333,1.833333333,1,1,1,0,1,1,1,1,1,1,1,1,1,1,1,1,0,1,1,1,1,1,1,1,1,1,1,1,1,1,0,1,1,1,1,0,1
253,6.260273973,6,M,NA,60,NA,2,2,2,0,2,0,2,2,2,2,0,0,0,2,2,2,2,2,1,2,2,2,2,2,2,2,2,2,2,0,0,2,2,2,2,1,2,1.333333333,2,1.833333333,1.333333333,1.833333333,2,1,1,1,0,1,0,1,1,1,1,0,0,0,1,1,1,1,1,1,1,1,1,1,1,1,1,1,1,1,0,0,1,1,1,1,1,1
254,7.476712329,7,F,14,53,35,2,2,2,2,2,2,2,2,2,1,2,2,1,2,2,1,1,2,0,2,2,2,1,1,1,2,2,1,1,1,0,2,2,2,2,2,2,2,1.75,2,1.166666667,1.333333333,1.5,1,1,1,1,1,1,1,1,1,1,1,1,0,1,1,1,0,1,0,1,1,1,1,1,1,1,1,0,1,1,0,1,1,1,1,1,1
255,7.468493151,7,F,NA,55,23,2,2,2,2,2,2,2,2,0,2,0,0,2,1,2,1,1,2,2,1,1,1,0,1,1,2,1,1,2,0,0,1,1,2,1,1,1,2,1.5,1.166666667,1,1.5,0.833333333,1,1,1,1,1,1,1,1,0,1,0,0,1,1,1,1,1,1,1,1,1,0,0,1,1,1,1,1,1,0,0,1,1,1,1,1,1
256,6.501369863,6,M,2,60,18,2,2,2,2,2,2,2,1,2,2,2,1,1,2,2,1,2,1,1,2,2,2,2,2,2,2,2,2,1,0,0,1,2,2,2,2,1,2,1.75,1.666666667,1.166666667,1.5,2,1,1,1,1,1,1,1,1,1,1,1,0,0,1,1,1,1,0,1,1,1,1,1,1,1,1,1,1,1,0,0,1,1,1,1,1,1
257,4.709589041,4,M,15,46,16,0,1,2,2,2,0,1,0,1,0,1,1,0,0,0,0,0,0,0,0,0,2,0,0,0,0,2,2,1,0,0,0,0,0,0,1,1,1.166666667,0.5,0.333333333,0.833333333,0,0.333333333,0,1,1,1,1,0,1,0,1,0,1,1,0,0,0,0,0,0,0,0,0,1,0,0,0,0,1,1,1,0,0,0,0,0,0,1,1
